WONUM,Farm ID,Farm Name,Farm Number,Turbine No,Component Code,Component Name,Description,Description_EN,Observations,Observations_EN,Age at Event,Event Date
124161,AAA,CLASSIFIED,WF-000,WT-000,MST11,MV-Transformation Generator 1,"Sinalizador de tensão da cela de entrada (L1), têm a lâmpada fundida.",Input cell voltage indicator (L1) has a blown bulb.,"Indicador luminoso da presença de tensão da cela de entrada (L1), têm a lâmpada fundida.",Voltage presence indicator light for the input cell (L1) has a burnt out lamp.,1.0,2025-01-01 00:00:00
111667,AAA,CLASSIFIED,WF-000,WT-000,UMD11,Tower System Top Section,Pintura da porta e soldas da torre com pontos de oxidação,Door painting and tower welding with oxidation points,Pintura da torre com sinais de oxidação,Tower paint with signs of oxidation,1.0,2025-01-01 00:00:00
111669,AAA,CLASSIFIED,WF-000,WT-000,UMD29,Tower System Bottom Section,"Pintura da torre com oxidação (união dos tramos, saída da conduta ventilação e porta)","Tower painting with oxidation (union of sections, ventilation duct outlet and door)",Pintura da torre com sinais de oxidação,Tower paint with signs of oxidation,1.0,2025-01-01 00:00:00
103236,AAA,CLASSIFIED,WF-000,WT-000,UMD29,Tower System Bottom Section,Sinalização de segurança danificada por descoloração dos autocolantes ou pela sua degradação.,Safety signage damaged by discoloration of stickers or their degradation.,Sinalização exterior da torre,Tower exterior signage,1.0,2025-01-01 00:00:00
117475,AAA,CLASSIFIED,WF-000,WT-000,MDK20 TL001,Gearbox,Substituição de slipring da caixa multiplicadora,Replacement of the gearbox slip ring,Substituição de slip ring em gearbox.,Slip ring replacement in gearbox.,1.0,2025-01-01 00:00:00
185199,AAA,CLASSIFIED,WF-000,WT-000,MDX10,Central Hydraulic System,Paragem com o erro 174,Stop with error 174,Paragem com o erro 174 FeedBack Hyd. Motor=0,Stop with error 174 Feedback Hyd. Motor=0,1.0,2025-01-01 00:00:00
217334,AAA,CLASSIFIED,WF-000,WT-000,MUR20,Cooling System Converter and Generation,Paragem com o erro 546,Stop with error 546,Sucessivas paragens com o erro 546,Successive stops with error 546,1.0,2025-01-01 00:00:00
185208,AAA,CLASSIFIED,WF-000,WT-000,MDA20,Rotor Hub Unit,Paragem com o erro 675,Stop with error 675,Paragem com o erro 675- Signal error EMC-valve,Stop with error 675- Signal error EMC-valve,1.0,2025-01-01 00:00:00
145874,AAA,CLASSIFIED,WF-000,WT-000,MSE11,Converter System Generator 1,Substituição do Q8,Q8 Replacement,Paragem da TE com Q8 Breaker Open,TE stoppage with Q8 Breaker Open,1.0,2025-01-01 00:00:00
269936,AAA,CLASSIFIED,WF-000,WT-000,MDA13,Rotor Blade System,Reparação da pá 3,Repair of blade 3,Nenhuma observação fornecida,No observation provided,1.0,2025-01-01 00:00:00
185622,AAA,CLASSIFIED,WF-000,WT-000,MSC11,Generator Switching System Generator 1,Paragem com o erro 546,Stop with error 546,"Paragem com o erro ""high water temp gen""","Stop with the error ""high water temp gen""",1.0,2025-01-01 00:00:00
145816,AAA,CLASSIFIED,WF-000,WT-000,MKA11 GA001,Generator 1,Substituição do elemento de borracha do acoplamento,Replacement of the coupling's rubber element,Substituir rolamento NDE do Gerador,Replace Generator NDE bearing,1.0,2025-01-01 00:00:00
111612,AAA,CLASSIFIED,WF-000,WT-000,MDA12,Rotor Blade System,Reparar dano CAT.3,Repair CAT.3 damage,Nenhuma observação fornecida,No observations provided,1.0,2025-01-01 00:00:00
217240,AAA,CLASSIFIED,WF-000,WT-000,MDA12,Rotor Blade System,Substituição do rolamento da pá B,Replacement of blade bearing B,Nenhuma observação fornecida,No observation provided,1.0,2025-01-01 00:00:00
217641,AAA,CLASSIFIED,WF-000,WT-000,UMD29,Tower System Bottom Section,Sinalética junto à entrada apresenta desgaste.,Signage next to the entrance shows wear and tear.,Sinalética perigo de morte da porta de entrada apresenta desgaste.,Danger of death sign on the entrance door shows wear and tear.,1.0,2025-01-01 00:00:00
269614,AAA,CLASSIFIED,WF-000,WT-000,MSE40,Cooling Converter Systems,Erro no conversor FM1208 - MI classe B.,Error in converter FM1208 - MI class B.,Insistência do erro FM1208 - MI class B fault.,Persistence of error FM1208 - MI class B fault.,1.0,2025-01-01 00:00:00
392370,AAA,CLASSIFIED,WF-000,WT-000,MDX10,Central Hydraulic System,"Ocorrência do erro 161 - Hydr max time:___sec, ___bar","Occurrence of error 161 - Hydr max time:___sec, ___bar","Hydr max time:___sec, ___bar","Hydraulic max time:___sec, ___bar",1.0,2025-01-01 00:00:00
254764,AAA,CLASSIFIED,WF-000,WT-000,MDX10,Central Hydraulic System,Corrigir fuga de óleo na central hidráulica,Correct oil leak in the hydraulic power unit,Corrigir fuga de óleo na unidade hidráulica,Correct oil leak in the hydraulic unit,1.0,2025-01-01 00:00:00
392342,AAA,CLASSIFIED,WF-000,WT-000,MKA11 GA001,Generator 1,Substituição de escovas do gerador,Generator brush replacement,Paragem com o erro 2810-Service Generator Brushes,Shutdown with error 2810-Service Generator Brushes,1.0,2025-01-01 00:00:00
392344,AAA,CLASSIFIED,WF-000,WT-000,MKA11 GA001,Generator 1,Substituição de escovas do gerador,Generator brush replacement,Paragem com o erro 2810-Service Generator Brushes,Stop with error 2810-Service Generator Brushes,1.0,2025-01-01 00:00:00
392343,AAA,CLASSIFIED,WF-000,WT-000,MKA11 GA001,Generator 1,Substituição de escovas do gerador,Generator brush replacement,Paragem com o erro 2810-Service Generator Brushes,Stop with error 2810-Service Generator Brushes,1.0,2025-01-01 00:00:00
293602,AAA,CLASSIFIED,WF-000,WT-000,MSE40,Cooling Converter Systems,Erro no conversor FM1208 - MI classe B.,Error in converter FM1208 - MI class B.,Insistência do erro FM1208 - MI class B fault.,Persistence of error FM1208 - MI class B fault.,1.0,2025-01-01 00:00:00
409854,AAA,CLASSIFIED,WF-000,WT-000,MDL10,Yaw Drive System,Reparação de sistema de travagem do yaw,Repair of yaw braking system,Reparação de sistema de travão de yaw,Repair of yaw brake system,1.0,2025-01-01 00:00:00
132773,AAA,CLASSIFIED,WF-000,WT-000,MDA11,Rotor Blade System,PS (1) – Coat peeling at 27m. 10% SS (2) – Broken fiberglass on drain hole. SS (3) – Erosion/Cr,The provided text appears to be already in English.,Nenhuma observação fornecida,No observation provided,1.0,2025-01-01 00:00:00
311805,AAA,CLASSIFIED,WF-000,WT-000,MUD10,Main Frame and Nacelle,Esponja e fibra do revestimento da nacelle danificada.,Damaged nacelle coating sponge and fiber.,Esponja de revestimento da nacelle danificada.,Damaged nacelle coating sponge.,1.0,2025-01-01 00:00:00
311816,AAA,CLASSIFIED,WF-000,WT-000,MUD10,Main Frame and Nacelle,Esponja e fibra do revestimento da nacelle danificada.,Sponge and fiber of the nacelle coating damaged.,Esponja de revestimento da nacelle danificada.,Damaged nacelle coating sponge.,1.0,2025-01-01 00:00:00
343713,AAA,CLASSIFIED,WF-000,WT-000,MDA20,Rotor Hub Unit,Substituição de tubagem no hub,Pipe replacement in the hub,Ocorrência do alarme 174,Occurrence of alarm 174,1.0,2025-01-01 00:00:00
393994,AAA,CLASSIFIED,WF-000,WT-000,MUD10,Main Frame and Nacelle,Análise de problema na iluminação aérea,Analysis of problem in aerial lighting,Nacelle Auxiliaries,This appears to be an English entry.,1.0,2025-01-01 00:00:00
623122,AAA,CLASSIFIED,WF-000,WT-000,MDX10,Central Hydraulic System,Inspeção do pitch (recomendação análise óleo hidráulico),Pitch inspection (hydraulic oil analysis recommendation),Recolha de amostra de óleo da estação hidráulica 2021,Oil sample collection from hydraulic station 2021,1.0,2025-01-01 00:00:00
328005,AAA,CLASSIFIED,WF-000,WT-000,MDA11,Rotor Blade System,Substituir pitch inverter,Replace pitch inverter,Nenhuma observação fornecida,No observations provided,1.0,2025-01-01 00:00:00
410050,AAA,CLASSIFIED,WF-000,WT-000,MKA11 GA001,Generator 1,Substituição do rolamento NDE do gerador,Generator NDE bearing replacement,Alarme de CMS no rolamento NDE do gerador,CMS alarm on generator NDE bearing,1.0,2025-01-01 00:00:00
426298,AAA,CLASSIFIED,WF-000,WT-000,MKA11 GA001,Generator 1,Substituição de rolamento NDE do gerador,Generator NDE bearing replacement,Substituição de rolamento NDE,NDE bearing replacement,1.0,2025-01-01 00:00:00
426847,AAA,CLASSIFIED,WF-000,WT-000,MDL10,Yaw Drive System,Aditional service works 6 meses 2020,Additional service works 6 months 2020,Reparação de sistema de travão de yaw,Repair of yaw brake system,1.0,2025-01-01 00:00:00
328360,AAA,CLASSIFIED,WF-000,WT-000,MSE40,Cooling Converter Systems,Paragem com erro: FM1208,Stop with error: FM1208,FM1208: Reposição de Varidus,FM1208: Replacement of Varidus,1.0,2025-01-01 00:00:00
376212,AAA,CLASSIFIED,WF-000,WT-000,MDL10,Yaw Drive System,Verificação do Yaw Ring,Yaw Ring Verification,Yaw Ring,Yaw Ring,1.0,2025-01-01 00:00:00
392366,AAA,CLASSIFIED,WF-000,WT-000,MDA12,Rotor Blade System,Blade 2: Cat 4 Repair pints LE erosion from R32-Tip,The entry is already in English.,Inspeção às pás,Blade inspection,1.0,2025-01-01 00:00:00
442442,AAA,CLASSIFIED,WF-000,WT-000,MDX10,Central Hydraulic System,Substituição do filtro do óleo hidráulico off-line,Offline hydraulic oil filter replacement,Recolha de amostra de óleo da estação hidráulica,Collection of oil sample from the hydraulic station,1.0,2025-01-01 00:00:00
392276,AAA,CLASSIFIED,WF-000,WT-000,MDX10,Central Hydraulic System,Alarme de oleo na bacia de retenção da estação hidráulica,Oil alarm in the retention basin of the hydraulic station,Sludge pitch hydr. station,Sludge pitch hydro station,1.0,2025-01-01 00:00:00
392280,AAA,CLASSIFIED,WF-000,WT-000,MST11,MV-Transformation Generator 1,Paragens com erro Q8 breaker open,Stops with error Q8 breaker open,Q8 breaker open,"The entry ""Q8 breaker open"" is already in English.",1.0,2025-01-01 00:00:00
392282,AAA,CLASSIFIED,WF-000,WT-000,MDA20,Rotor Hub Unit,Alarme de óleo na bacia de retenção de óleo no hub.,Oil alarm in the hub oil retention basin.,Oil leakage in Hub,Óleo vazando no cubo,1.0,2025-01-01 00:00:00
392284,AAA,CLASSIFIED,WF-000,WT-000,MST11,MV-Transformation Generator 1,Paragens com erro Error on Q7,Stops with error Error on Q7,Error on Q7,Erro na Q7,1.0,2025-01-01 00:00:00
375372,AAA,CLASSIFIED,WF-000,WT-000,MDK30,Brake System Drive Train ,Sucessivas paragens com o erro FM130.,Successive stops with error FM130.,"A TE tem para muitas vezes com o erro ""FM130 - Brake not open analog""","A TE often has the error ""FM130 - Brake not open analog"".",1.0,2025-01-01 00:00:00
392285,AAA,CLASSIFIED,WF-000,WT-000,MSE11,Converter System Generator 1,"Paragens com erro RT,NotReady Hi.Rot.Cu. _:_ A","Stops with RT error, NotReady Hi.Rot.Cu. *:* A","RT,NotReady Hi.Rot.Cu. _:_ A","RT,NotReady Hi.Rot.Cu. *:* A",1.0,2025-01-01 00:00:00
392289,AAA,CLASSIFIED,WF-000,WT-000,MDA20,Rotor Hub Unit,Alarme de óleo na bacia de retenção de óleo no hub.,Oil alarm in the oil containment basin at the hub.,Oil leakage in Hub,"The entry ""Oil leakage in Hub"" is already in English.",1.0,2025-01-01 00:00:00
392293,AAA,CLASSIFIED,WF-000,WT-000,MSE11,Converter System Generator 1,Paragens com erro Rotor inv. HW error L_,Stops with error Rotor inv. HW error L_,Rotor inv. HW error L_,Rotor inv. HW error L_,1.0,2025-01-01 00:00:00
392294,AAA,CLASSIFIED,WF-000,WT-000,MDX10,Central Hydraulic System,Alarme de oleo na bacia de retenção da estação hidráulica,Oil alarm in the retention basin of the hydraulic station,Sludge pitch hydr. station,Sludge pitch hydraulic station,1.0,2025-01-01 00:00:00
392295,AAA,CLASSIFIED,WF-000,WT-000,MDX10,Central Hydraulic System,Alarme de nível de óleo baixo na estação hidráulica.,Low oil level alarm at the hydraulic station.,"Low oil-level, pitch hydraulic","Low oil-level, pitch hydraulic",1.0,2025-01-01 00:00:00
392296,AAA,CLASSIFIED,WF-000,WT-000,MDX10,Central Hydraulic System,Alarme de nível de óleo baixo na estação hidráulica.,Low oil level alarm at the hydraulic station.,"Low oil-level, pitch hydraulic","Low oil-level, pitch hydraulic",1.0,2025-01-01 00:00:00
392299,AAA,CLASSIFIED,WF-000,WT-000,MSE11,Converter System Generator 1,Paragens com erro GearOil press low mbar,Stops due to error GearOil press low mbar/ øC,GearOil press low mbar/ øC,Gear oil pressure low mbar/ °C,1.0,2025-01-01 00:00:00
